id,assesslink
10008,11439.0
10009,17515.0
10012,21860.0
10018,21870.0
10024,30560.0
10027,23271.0
10030,23275.0
10031,23277.0
10032,23279.0
10033,23281.0
10036,18951.0
10037,30279.0
10038,17505.0
10042,15598.0
10043,26913.0
10044,17599.0
10045,11168.0
10046,11179.0
10047,18091.0
10049,10701.0
10056,10715.0
10057,10717.0
10061,9690.0
10062,9692.0
10063,9694.0
10064,9696.0
10065,9073.0
10083,18987.0
10084,15580.0
10085,41613.0
10086,30280.0
10089,30993.0
10091,30281.0
10092,30282.0
10093,30283.0
10098,23293.0
10100,10723.0
10103,27776.0
10104,27778.0
10106,27786.0
10108,27782.0
10109,27788.0
10110,27790.0
10111,27792.0
10112,27794.0
10114,27800.0
10115,27798.0
10117,27804.0
10118,27814.0
10119,27818.0
1012,3180.0
10121,27822.0
10122,27816.0
10123,27838.0
10127,19025.0
10129,10231.0
10130,10233.0
10131,10235.0
10132,10237.0
10134,10241.0
10135,10243.0
10139,10251.0
10141,10255.0
10142,10257.0
10143,10259.0
10145,10263.0
10146,10265.0
10147,10267.0
10149,10271.0
10150,10273.0
10151,10275.0
10152,10277.0
10153,10279.0
10154,10281.0
10155,10283.0
10159,10291.0
10161,10295.0
10162,10297.0
10163,10299.0
10164,10301.0
10165,10303.0
10166,10305.0
10171,10315.0
10172,10317.0
10174,10321.0
10175,10323.0
10176,10325.0
10177,10327.0
10178,10329.0
10179,10331.0
10182,10337.0
10183,10339.0
10184,10341.0
10185,10343.0
10186,10345.0
10187,10347.0
10188,10349.0
10190,10353.0
10191,10355.0
10193,10359.0
10195,10363.0
10196,10365.0
10198,10369.0
10199,10371.0
10200,19103.0
10201,19107.0
10203,28958.0
10205,10375.0
10206,10377.0
10208,10381.0
10210,10385.0
10211,10387.0
10212,10389.0
10213,10391.0
10215,10725.0
10220,10735.0
10227,10749.0
10228,10751.0
1023,7378.0
10235,17507.0
10237,10765.0
10238,9698.0
10239,26074.0
1024,7048.0
1026,7171.0
1027,8674.0
1028,3062.0
1029,11946.0
1030,3872.0
1031,3008.0
1033,3010.0
1034,3011.0
1037,3014.0
1038,3015.0
10381,18844.0
10382,24557.0
10383,37865.0
10386,21886.0
10387,37866.0
10389,11441.0
10392,18856.0
10393,18860.0
10396,18864.0
10398,18872.0
10399,18870.0
10401,18878.0
10402,31264.0
10403,30284.0
10404,30285.0
10406,30287.0
10407,30288.0
10409,10399.0
1041,3018.0
10410,10401.0
10412,10405.0
10417,10771.0
10427,10791.0
10428,10793.0
10429,10795.0
1043,3020.0
10431,37867.0
10433,27806.0
10434,27810.0
10435,27808.0
10436,27812.0
1044,3021.0
10442,27832.0
10445,27844.0
10448,27852.0
1045,3022.0
10456,18963.0
10457,18971.0
10458,18973.0
10459,18975.0
1046,3023.0
10460,18985.0
10462,28785.0
10463,10797.0
10464,9075.0
10466,10411.0
10467,10413.0
10469,10417.0
10470,10419.0
10471,10421.0
10472,10423.0
10473,10425.0
10475,10429.0
10476,10431.0
10477,10433.0
10478,14990.0
10483,10443.0
10484,10445.0
10485,10447.0
10486,10449.0
10489,10455.0
10493,10463.0
10494,10465.0
10495,10467.0
10497,10471.0
10498,10473.0
10499,10475.0
10500,10477.0
10502,10481.0
10503,10483.0
10504,10485.0
10505,10487.0
10506,10489.0
10507,10491.0
10508,10493.0
10509,10495.0
10510,10497.0
10512,10501.0
10513,10503.0
10515,10507.0
10517,10511.0
10518,10513.0
1052,3029.0
10520,10517.0
10523,10523.0
10524,10525.0
10525,10527.0
10529,10535.0
10531,10539.0
10532,10541.0
10533,10543.0
10534,10545.0
10535,10547.0
10536,10549.0
10538,10553.0
1054,3031.0
10542,10561.0
10543,10563.0
10544,10565.0
10545,10567.0
10546,10569.0
10547,10571.0
10548,10573.0
10549,10575.0
10550,10577.0
10551,10579.0
10552,10581.0
10554,10585.0
10555,10587.0
10556,10589.0
1056,3033.0
10562,10601.0
10565,10607.0
10566,10609.0
10569,10615.0
10570,10617.0
10571,10619.0
10575,10627.0
10581,10639.0
10589,10649.0
10590,10651.0
10593,10657.0
10594,10659.0
10596,10663.0
1061,3038.0
10612,11024.0
1062,3039.0
10620,38440.0
10621,17511.0
10623,17513.0
1063,3040.0
1064,3041.0
1066,3043.0
1067,3044.0
1071,3048.0
1072,7050.0
10736,24553.0
10738,31266.0
10740,16521.0
10741,20666.0
10742,12275.0
10743,12277.0
10744,12279.0
10745,12281.0
10746,16523.0
10747,17451.0
10748,9421.0
1075,7174.0
10750,17453.0
10751,28786.0
10752,28787.0
10753,28788.0
10754,31123.0
10755,17535.0
10761,27299.0
10762,27726.0
10768,17465.0
10769,26566.0
10770,19232.0
10771,19240.0
10772,19244.0
1079,31334.0
10790,11691.0
10806,28549.0
10807,18955.0
10808,30582.0
10811,16517.0
10812,15582.0
10818,27350.0
10819,27352.0
10820,11561.0
10821,25853.0
10822,25857.0
10823,25859.0
10824,25855.0
10825,25861.0
10826,25863.0
10828,25865.0
10829,25871.0
10830,25873.0
10831,25869.0
1085,17744.0
1086,11948.0
1087,3049.0
10873,10802.0
10879,15638.0
10880,26528.0
10881,26530.0
10882,26542.0
10883,26532.0
10884,26534.0
10887,26540.0
10889,26552.0
10890,26546.0
10892,26554.0
10893,26548.0
10896,28062.0
10897,17952.0
10899,16542.0
1094,12357.0
1096,12361.0
1100,3050.0
1101,3051.0
1104,3054.0
11040,10099.0
11042,9580.0
11043,15406.0
11044,20561.0
11047,15604.0
11048,18103.0
11049,17606.0
11053,19027.0
11054,15608.0
11057,15642.0
11058,27360.0
11059,27358.0
1106,9586.0
11063,36273.0
11064,17539.0
1107,9588.0
1108,9590.0
1109,9592.0
1110,9594.0
1111,9596.0
11135,27868.0
11136,17597.0
11137,19077.0
1114,2941.0
11140,17187.0
11142,17191.0
11145,21888.0
11146,11173.0
11148,28511.0
1115,6164.0
11151,17566.0
11156,36274.0
1116,6166.0
11163,11986.0
11164,11988.0
11167,11994.0
11168,11996.0
1117,6168.0
1120,3436.0
1121,3438.0
1122,2929.0
1123,2931.0
1125,2935.0
1126,2937.0
1127,2939.0
1129,3056.0
1130,6170.0
11304,17195.0
11305,17197.0
11306,17199.0
11307,17201.0
11308,17205.0
11319,10822.0
11320,10824.0
11334,10852.0
11343,10870.0
11352,10888.0
11372,10928.0
11376,19222.0
11381,15560.0
11384,15416.0
11385,15412.0
11398,15442.0
11401,15450.0
11408,15462.0
11436,15518.0
11437,15520.0
11438,15522.0
11440,15524.0
11442,15528.0
11443,19081.0
11447,19087.0
11451,12000.0
11454,12006.0
11455,12008.0
11457,12012.0
11458,12014.0
11459,12016.0
11461,12020.0
11462,12022.0
11463,12024.0
11465,12028.0
11466,12030.0
11467,34785.0
11468,31337.0
11471,19089.0
11474,11447.0
11475,30994.0
11476,33561.0
11479,19097.0
11482,19099.0
11483,19093.0
11484,19105.0
11485,19109.0
11486,19111.0
11488,19115.0
11491,19119.0
11494,19125.0
11495,19131.0
11498,19142.0
11501,19152.0
11502,19158.0
11503,19160.0
11504,19162.0
11507,19166.0
11508,19168.0
11509,19170.0
11511,19174.0
11513,19178.0
11516,19180.0
11518,19188.0
11519,19190.0
11520,19192.0
11521,19194.0
11523,19198.0
11526,19204.0
11529,19206.0
11531,19208.0
11532,19210.0
11536,19220.0
11540,19230.0
11541,19234.0
11544,19236.0
11549,19246.0
11553,19252.0
11554,19254.0
11555,19258.0
11564,19294.0
11566,19280.0
11567,19282.0
11570,19292.0
11573,19304.0
11574,19306.0
11575,19312.0
11578,19326.0
11584,19340.0
11586,19338.0
11587,19342.0
11588,19346.0
11593,19352.0
11598,19368.0
11599,19366.0
1160,8238.0
11601,19370.0
11603,19376.0
11604,19378.0
11605,19382.0
11607,19388.0
11608,19394.0
11610,19398.0
11612,19402.0
11613,19410.0
11617,19430.0
11618,19434.0
11619,19432.0
11620,19438.0
11622,19442.0
11624,19448.0
11627,19460.0
11628,19470.0
1163,9598.0
11630,26560.0
11632,26564.0
11636,15542.0
11643,11719.0
11651,12490.0
11652,15173.0
11654,19502.0
11659,19508.0
1166,7843.0
1166,7843.0
11660,19510.0
11661,19512.0
11662,19514.0
11663,19516.0
11664,19520.0
11665,19518.0
11666,19524.0
11667,19522.0
11668,19526.0
11669,19528.0
1167,11267.0
1167,11267.0
11670,19530.0
11671,19532.0
11673,19534.0
11675,19538.0
11676,19542.0
11679,19548.0
11680,19550.0
11681,19554.0
11683,19558.0
11684,19556.0
11685,19560.0
11686,19562.0
11687,19566.0
11688,19564.0
1169,11271.0
1169,11271.0
11690,19572.0
11691,19570.0
11692,19574.0
11695,19580.0
11696,19582.0
11698,19586.0
11699,19588.0
11700,19590.0
11702,19596.0
11703,19592.0
11705,19598.0
11706,19600.0
11707,19602.0
11708,19604.0
1171,11275.0
11710,19610.0
11711,19606.0
11712,19612.0
11714,19268.0
11715,19272.0
11716,19274.0
11719,19290.0
11720,19296.0
11722,19300.0
11726,19322.0
11730,12032.0
1175,7390.0
11892,31267.0
11893,31268.0
11894,19360.0
11895,27306.0
11896,19372.0
11897,19380.0
11898,19374.0
11899,19384.0
11900,19390.0
11901,19396.0
11902,19404.0
11903,19406.0
11906,19412.0
11907,19408.0
1191,12318.0
11910,19420.0
11912,19426.0
11913,19424.0
11914,19436.0
11918,19456.0
11920,19464.0
11921,19466.0
11922,19468.0
11925,19472.0
11933,30289.0
11934,17159.0
11935,19480.0
11936,19482.0
11937,19484.0
11938,19486.0
11939,19488.0
11940,19490.0
11941,19494.0
11944,20668.0
1195,7423.0
1196,7425.0
11968,31269.0
11969,31270.0
11970,31271.0
11971,31272.0
11972,31273.0
11973,31274.0
11974,31275.0
11975,31276.0
11976,31277.0
11978,31279.0
11979,31280.0
1198,7429.0
11980,31281.0
11981,28914.0
11982,17473.0
11983,27168.0
11984,27118.0
11985,26610.0
11987,19544.0
11988,28789.0
11989,31124.0
11990,31125.0
11991,28912.0
12002,16877.0
12006,16889.0
12008,16891.0
1203,3440.0
12033,28641.0
12034,28923.0
12037,20186.0
12038,27120.0
12039,31282.0
1204,3442.0
12040,31283.0
12041,31284.0
12042,31285.0
12044,31287.0
12045,31288.0
12046,31289.0
12047,31290.0
12048,31291.0
12049,31292.0
12050,31293.0
12051,31294.0
12052,40863.0
12053,38441.0
12055,19680.0
12056,19682.0
12059,19688.0
1206,3446.0
12060,19690.0
12061,30539.0
12062,31126.0
12063,31127.0
12064,31128.0
12065,31129.0
12066,31130.0
12067,31131.0
12068,31132.0
12069,31133.0
12073,16943.0
12074,16945.0
12085,16967.0
12086,16973.0
12087,16969.0
12088,16971.0
12089,16975.0
12091,16979.0
12097,16991.0
1210,3450.0
12100,16997.0
12101,16999.0
12102,17001.0
12103,17005.0
12104,17003.0
12108,17013.0
12110,17017.0
12111,17019.0
12114,17023.0
12117,19698.0
12118,15259.0
1218,12330.0
1220,7229.0
1221,7437.0
1222,7439.0
1223,7441.0
1227,7449.0
12296,25883.0
12297,27362.0
12298,31295.0
12299,31296.0
1230,9600.0
12302,28915.0
12303,28790.0
12305,36391.0
12307,24551.0
12308,12097.0
12309,24563.0
1231,8832.0
12310,31338.0
12311,31339.0
12313,31341.0
12315,31342.0
12316,31343.0
12317,31344.0
12318,31345.0
12319,31346.0
1232,8563.0
12320,31347.0
12321,31348.0
12324,31351.0
12325,31352.0
12326,25915.0
12327,41614.0
12328,25925.0
12329,25927.0
12332,28793.0
12333,28794.0
12334,28795.0
12335,28796.0
12338,28799.0
12339,24680.0
12341,20432.0
12342,27364.0
12343,27366.0
12345,17385.0
1235,8569.0
12351,16837.0
12353,16839.0
1236,8571.0
12361,16853.0
12367,24559.0
12369,15725.0
1237,8573.0
12374,15737.0
12379,15747.0
12382,27253.0
12383,38442.0
12384,40913.0
12385,25879.0
1244,8583.0
1247,8834.0
1248,8836.0
1249,8838.0
1250,8840.0
1251,8842.0
12627,34786.0
12628,27368.0
12638,33485.0
12639,33486.0
12640,33487.0
12641,28556.0
12648,21991.0
12649,22019.0
12650,22021.0
12653,41615.0
12654,18119.0
12658,18129.0
12659,18127.0
12662,18131.0
12663,18137.0
12664,18139.0
12666,17523.0
12667,39753.0
12668,17760.0
12671,26258.0
12673,17608.0
12676,27257.0
12679,17616.0
12680,17618.0
12683,17622.0
12687,17630.0
12688,17634.0
12690,17638.0
12691,17636.0
12695,17646.0
12698,41668.0
12970,34787.0
12971,34788.0
12972,34789.0
12973,34790.0
12974,34791.0
12975,34792.0
12976,34793.0
12977,34794.0
12978,34795.0
12979,34796.0
12981,34798.0
12982,34799.0
12983,34800.0
12984,34801.0
12985,34802.0
12986,34803.0
12987,34804.0
12988,34805.0
12989,34806.0
12991,34808.0
12993,34810.0
12994,34811.0
12995,34812.0
12997,34814.0
12998,34815.0
12999,30995.0
13002,20691.0
13004,28068.0
13005,28800.0
13006,28801.0
13008,33488.0
13009,33489.0
13010,33490.0
13012,33492.0
13013,33493.0
13014,33494.0
13015,33495.0
13017,31354.0
13018,31355.0
13019,31356.0
13022,31359.0
13023,31360.0
13024,31361.0
13025,31362.0
13026,31363.0
13027,31364.0
13031,31368.0
13032,31369.0
13034,31371.0
13035,31372.0
13036,31373.0
13037,31374.0
13038,31375.0
13039,31376.0
13040,31377.0
13041,31378.0
13044,31381.0
13046,31383.0
13058,12133.0
13068,12153.0
13071,22043.0
13073,22047.0
13074,22049.0
13078,22055.0
13079,28259.0
13081,28628.0
13084,12159.0
13091,34817.0
13092,34818.0
13094,34820.0
13095,34821.0
13096,34822.0
13097,34823.0
13099,34825.0
13100,34826.0
13101,34827.0
13104,34830.0
13105,34831.0
13106,31387.0
13107,19270.0
13111,34832.0
13112,34833.0
13114,34835.0
13115,34836.0
13116,34837.0
13117,34838.0
13118,34839.0
13120,41616.0
13134,28803.0
13135,21676.0
13136,33496.0
13138,33498.0
13139,33499.0
13140,33500.0
13141,33501.0
13143,19348.0
13144,27255.0
13145,31388.0
13148,31391.0
13150,31393.0
13151,31394.0
13154,12161.0
13155,12163.0
13157,12165.0
13160,12171.0
13162,12175.0
13171,12193.0
13173,12197.0
13174,28665.0
13175,21975.0
13176,21979.0
13177,21981.0
13178,21977.0
13179,21983.0
13181,21987.0
13182,21989.0
13183,21993.0
13188,22001.0
13190,22003.0
13191,22007.0
13192,22009.0
13193,22011.0
13194,22013.0
13195,22015.0
13197,22023.0
13199,22027.0
13200,22033.0
13203,22039.0
13204,22041.0
13205,22037.0
13206,27370.0
13207,30583.0
13208,12199.0
13209,28567.0
13210,34840.0
13211,34841.0
13212,34842.0
13213,34843.0
13214,34844.0
13215,34845.0
13217,34847.0
13219,31396.0
13221,31398.0
13222,31399.0
13223,31400.0
13224,27259.0
13229,28558.0
13230,28667.0
13231,36275.0
13232,36276.0
13233,36277.0
13234,36278.0
13235,36279.0
13236,36280.0
13238,36282.0
13239,36283.0
13240,36284.0
13241,36285.0
13242,36286.0
13243,36287.0
13244,24674.0
13246,28804.0
13247,28781.0
13248,27196.0
13249,31401.0
13251,28805.0
13253,17707.0
13266,17733.0
13267,17735.0
13268,28806.0
13269,39754.0
13270,20740.0
13271,17321.0
13273,28571.0
13274,28807.0
13275,28569.0
13276,27261.0
13277,33502.0
13281,17477.0
13282,28917.0
13284,27198.0
13310,28777.0
13313,36288.0
13314,36289.0
13315,36290.0
13316,36291.0
13317,36292.0
13319,36293.0
13331,20709.0
13334,20695.0
13337,20703.0
13358,36294.0
1412,7455.0
1415,6172.0
1416,6174.0
1419,8595.0
1423,8848.0
1424,11175.0
1425,6178.0
1427,17589.0
1431,9239.0
1432,9241.0
1435,9247.0
1436,9249.0
1437,9251.0
1438,9253.0
1439,9255.0
1440,9257.0
1441,6180.0
1445,15257.0
15463,19650.0
15464,19656.0
15466,19660.0
15472,19676.0
15476,20723.0
15477,20719.0
15479,20729.0
15480,20721.0
15482,20715.0
15483,20725.0
15484,20727.0
15485,20713.0
15486,20188.0
15487,28257.0
15488,30584.0
15490,30540.0
15492,28887.0
15493,27372.0
15494,17475.0
15497,25889.0
15498,25891.0
15499,25893.0
15500,25895.0
15501,25897.0
15502,25899.0
15503,25903.0
15505,25901.0
15506,25907.0
15508,25909.0
15510,25913.0
15511,25917.0
15512,28779.0
15513,25923.0
15514,25921.0
15520,17882.0
15522,19696.0
15916,31404.0
15918,19817.0
15919,17479.0
15920,19821.0
15922,19824.0
15954,39755.0
15956,25961.0
15959,19855.0
15965,17890.0
15971,17902.0
15973,17910.0
15976,17656.0
16007,30291.0
16008,26001.0
16009,36295.0
16440,23864.0
16443,36296.0
16444,36297.0
16445,28959.0
16446,26916.0
16447,30292.0
16449,36298.0
16451,17916.0
16452,17914.0
16462,36299.0
16463,26054.0
16467,20107.0
16468,38443.0
16825,25929.0
16827,25931.0
16828,25933.0
16829,25935.0
16830,25937.0
16837,25951.0
16838,25953.0
16839,25955.0
16843,25965.0
16845,25967.0
16846,25969.0
16847,25975.0
16848,25971.0
16850,25979.0
16853,25983.0
16855,25985.0
16856,25991.0
16857,25995.0
16858,25993.0
16870,31405.0
16872,30997.0
18286,28647.0
18288,26008.0
18290,26012.0
18293,26020.0
18294,26016.0
18295,26022.0
18297,26024.0
18300,26030.0
18302,26034.0
18303,26036.0
18305,26038.0
18306,26042.0
18310,28818.0
18312,28820.0
18314,26044.0
18315,26046.0
18318,28823.0
18319,28824.0
18320,28825.0
18321,28826.0
18323,28828.0
18324,28829.0
18328,30293.0
18332,28832.0
18333,20673.0
18347,25997.0
18350,28834.0
18355,28645.0
18363,27376.0
18364,28839.0
18365,28840.0
18367,28842.0
18369,28844.0
18459,28064.0
18461,28848.0
18463,28850.0
18464,28851.0
18466,28853.0
18467,28854.0
18469,28856.0
18470,28857.0
18473,28858.0
18474,28859.0
18475,28960.0
18477,26052.0
18479,26058.0
18480,27265.0
18482,38197.0
18487,17683.0
18498,28860.0
18500,28862.0
18503,28863.0
18504,28864.0
18505,28865.0
18508,28867.0
18511,27378.0
18520,28868.0
18529,19918.0
18530,28649.0
18531,27267.0
18539,19946.0
18540,19952.0
18541,19962.0
18542,28871.0
18543,28872.0
18545,31407.0
18546,19972.0
18547,31408.0
18548,28651.0
18549,31134.0
18550,33123.0
18554,20022.0
18555,28509.0
18666,31409.0
18667,30998.0
18668,30999.0
18678,40914.0
18688,27269.0
18689,28924.0
18693,27396.0
18695,26064.0
18701,28066.0
18702,31410.0
18704,27386.0
18746,30294.0
18747,36301.0
18750,25999.0
18758,28775.0
18763,28672.0
18767,27408.0
18768,18159.0
18769,27424.0
18777,27418.0
18780,26911.0
18782,27456.0
18785,26003.0
18792,27430.0
18795,27438.0
18797,27454.0
18798,27442.0
18802,28674.0
18804,31135.0
18806,28875.0
18807,27450.0
18809,27458.0
18810,28676.0
18813,27476.0
18814,33504.0
18816,27472.0
18819,31000.0
18826,27480.0
18828,27494.0
18830,27488.0
18834,27496.0
18841,27526.0
18844,27524.0
18845,20436.0
18850,39756.0
18853,27514.0
18857,28876.0
18860,27530.0
18863,27510.0
18865,27578.0
18869,27512.0
18874,41414.0
18875,39757.0
18887,27576.0
19164,27610.0
19165,27568.0
19167,27590.0
19170,27588.0
19172,36302.0
19173,27618.0
19177,28634.0
19178,26918.0
19186,27572.0
19187,27614.0
19191,27592.0
19193,31298.0
19195,27574.0
19198,27608.0
19199,27612.0
19200,27616.0
19211,27626.0
19214,27620.0
19218,27634.0
19223,27630.0
19225,27638.0
19227,27642.0
19238,27652.0
19239,27648.0
19254,27678.0
19256,27688.0
19257,27682.0
19259,27692.0
19261,27676.0
19270,27660.0
19274,27700.0
19278,31411.0
19280,27201.0
19289,38444.0
19290,27706.0
19291,28632.0
19292,27718.0
19300,27714.0
20496,30586.0
20498,30296.0
20502,31412.0
20504,37871.0
20506,27905.0
20512,31299.0
20520,31001.0
20521,31002.0
20523,34849.0
20524,36303.0
20525,36304.0
20528,31003.0
20530,31413.0
20531,31004.0
20534,31414.0
20536,28877.0
20537,28552.0
20542,28886.0
20543,36305.0
20544,41617.0
20548,31415.0
20557,28564.0
21723,36306.0
21726,23865.0
21729,30298.0
21732,31417.0
21742,30303.0
21743,30304.0
21747,31300.0
21749,31418.0
21752,31009.0
21759,31301.0
21765,31302.0
21771,28919.0
21776,28961.0
21779,31420.0
21781,36307.0
21789,30309.0
21793,30310.0
21799,30311.0
21807,31422.0
21808,31010.0
21809,33562.0
21812,31011.0
21817,31423.0
21820,34850.0
21827,31012.0
21831,28962.0
21832,36392.0
21833,30314.0
21834,30315.0
21836,30316.0
21840,30317.0
21843,30318.0
21846,31426.0
21848,30319.0
21849,31013.0
21850,31303.0
21852,28920.0
21853,30320.0
21856,23866.0
21864,31427.0
21865,30324.0
21867,30326.0
21868,31428.0
21871,31014.0
21872,30327.0
21873,30328.0
22113,30329.0
22115,34851.0
22131,40306.0
22133,31304.0
22135,31305.0
22137,31306.0
22139,31307.0
22144,31308.0
22145,34852.0
22151,30332.0
22152,30333.0
22153,31309.0
22154,31310.0
22156,30334.0
22159,30335.0
22163,31429.0
23208,31430.0
23211,31431.0
23222,41415.0
23224,31432.0
23227,38355.0
23230,31433.0
23231,30336.0
23237,31434.0
23238,41669.0
23239,31435.0
23242,31436.0
23243,31437.0
23247,31438.0
23251,31439.0
23253,38356.0
23256,35008.0
23266,31440.0
23268,39816.0
23270,30587.0
23271,38198.0
23273,31441.0
23275,31311.0
23277,31442.0
23280,36393.0
23281,31443.0
23282,30588.0
23283,31444.0
23288,38445.0
23292,31445.0
23294,36309.0
23413,31446.0
23414,31312.0
23418,38446.0
23419,31447.0
23420,31448.0
23421,31449.0
23424,31450.0
23427,31451.0
23430,31452.0
23431,31453.0
23432,31454.0
23436,36394.0
23438,36336.0
23440,31455.0
23441,30542.0
23443,31456.0
23444,31457.0
23445,31015.0
23446,31458.0
23447,31459.0
23448,31460.0
23453,36337.0
23454,31461.0
23457,31462.0
23458,31463.0
23460,31464.0
23462,31465.0
23463,31466.0
23566,28554.0
23599,31467.0
23610,31468.0
23614,40307.0
23635,38357.0
23636,31016.0
23637,31469.0
23640,39758.0
23641,31470.0
23643,31313.0
23654,31471.0
23660,31314.0
23671,31472.0
24189,34853.0
24195,31017.0
24202,31018.0
24204,34854.0
24208,31019.0
24209,31473.0
24210,31474.0
24217,34855.0
24219,31475.0
24220,30568.0
24224,34856.0
24227,31020.0
24234,31021.0
24237,31022.0
24238,31476.0
24240,31023.0
24241,34857.0
24243,31024.0
24248,31025.0
24250,34858.0
24251,34859.0
24253,34860.0
24268,34861.0
24273,31026.0
24284,34862.0
24286,31477.0
24287,31027.0
24288,34863.0
24289,30337.0
24291,40308.0
24292,31028.0
24296,31029.0
24299,31030.0
24301,34864.0
24302,34865.0
24304,34866.0
24308,34867.0
24310,31031.0
24311,31032.0
24702,31478.0
24704,31033.0
24708,33563.0
24709,31034.0
24710,31035.0
24711,33564.0
24713,31036.0
24714,31037.0
24715,31038.0
24716,31479.0
24717,31039.0
24719,31040.0
24724,36310.0
24725,31480.0
24727,31041.0
24728,31042.0
24730,31043.0
24731,33565.0
24732,31044.0
24733,31481.0
24734,31482.0
24735,33505.0
24738,31045.0
24739,31046.0
24740,33566.0
24742,28963.0
24743,31483.0
24744,35009.0
24746,31047.0
24749,37868.0
24751,31048.0
24752,31049.0
24756,31050.0
24757,31484.0
24759,31051.0
24760,31052.0
24761,31053.0
24762,31054.0
24764,31485.0
24768,31055.0
24769,31056.0
24771,31057.0
24773,31058.0
24774,31486.0
24775,31059.0
24776,31060.0
24777,31061.0
24780,31062.0
24781,36311.0
24782,33567.0
24785,31063.0
24786,31064.0
24787,30543.0
24788,31065.0
24789,31066.0
24790,31487.0
24791,33568.0
24792,33569.0
24793,31067.0
24796,33570.0
24801,31488.0
24802,31068.0
24803,31489.0
24804,31069.0
24806,31070.0
24808,31490.0
24809,31071.0
24810,31072.0
25094,39759.0
25095,31324.0
25097,28659.0
25100,41618.0
25102,33571.0
25105,33572.0
25110,28878.0
25115,33573.0
25119,28661.0
25121,36312.0
25122,36313.0
25123,30589.0
25124,38199.0
25126,33574.0
25130,41619.0
25136,39760.0
25137,36395.0
25138,30590.0
25140,28663.0
25142,41620.0
25144,34868.0
25250,28879.0
25254,31136.0
25269,38358.0
25271,28880.0
25283,38359.0
25284,38360.0
25289,31491.0
25292,31073.0
25302,30561.0
25313,36338.0
25319,28881.0
25407,38361.0
25421,38362.0
25423,38363.0
25426,38364.0
25428,38365.0
25429,38366.0
25434,36314.0
25436,38367.0
25450,38368.0
25456,38369.0
25468,38370.0
25933,39761.0
25934,30544.0
25935,33575.0
25936,35010.0
25938,30545.0
25953,34869.0
25954,36315.0
25958,36316.0
25959,36317.0
25964,38371.0
25968,38372.0
25975,36318.0
25978,38373.0
25984,38374.0
25985,36319.0
26167,38447.0
26170,30546.0
26171,30547.0
26172,30548.0
26180,31137.0
26183,30549.0
26186,30550.0
26191,30551.0
26200,38448.0
26201,39762.0
26208,38449.0
26209,30552.0
26210,31325.0
26223,30553.0
26225,30554.0
26227,36320.0
26230,38375.0
26231,30555.0
26235,30556.0
26701,39817.0
26712,33124.0
26719,30557.0
26723,30558.0
26725,30559.0
26734,36321.0
26738,36322.0
27290,39818.0
27291,34870.0
27294,39763.0
27297,37869.0
27305,34871.0
27312,33576.0
27314,39764.0
27316,31315.0
27323,31492.0
27324,39765.0
27328,34872.0
27337,34873.0
27345,34874.0
27351,34875.0
27354,34876.0
27355,34877.0
27357,34878.0
27358,34879.0
27359,36323.0
27362,34880.0
27364,34881.0
27365,33577.0
27367,35011.0
27368,34882.0
27369,34883.0
27371,34884.0
27373,34885.0
27375,34886.0
27376,33578.0
27377,33579.0
27378,34887.0
27380,34888.0
27381,33580.0
27860,36396.0
27866,36324.0
27867,39766.0
27868,33581.0
27871,36325.0
27872,38450.0
27874,36326.0
27878,34889.0
27879,35012.0
27899,34890.0
27902,39767.0
27905,36327.0
27909,35013.0
27912,34891.0
27915,36328.0
27918,31493.0
27919,36329.0
27929,33582.0
27930,35014.0
27931,35015.0
27934,36330.0
27937,33583.0
27938,36331.0
27942,41621.0
27943,31316.0
27948,33584.0
27950,41622.0
27953,36332.0
27954,33585.0
27956,36333.0
27957,34892.0
28059,38451.0
28060,38452.0
28061,38453.0
28062,38454.0
28063,38455.0
28065,38456.0
28069,38457.0
28070,38458.0
28072,38459.0
28074,38460.0
28076,38461.0
28078,38462.0
28079,38463.0
28080,38464.0
28081,38465.0
28082,38466.0
28083,38467.0
28085,38468.0
28086,38469.0
28087,38470.0
28088,38471.0
28089,38472.0
28090,38473.0
28091,38474.0
28093,38475.0
28094,38476.0
28097,38477.0
28098,38478.0
28099,38479.0
28100,38480.0
28103,38481.0
28104,38482.0
28105,38483.0
28107,38484.0
28108,38485.0
28109,38486.0
28110,38487.0
28111,38488.0
28112,34893.0
28113,38489.0
28114,38490.0
28115,38491.0
28116,38492.0
28117,38493.0
28119,38494.0
28121,38495.0
28123,38496.0
28124,38497.0
28125,38498.0
28126,38499.0
28127,38500.0
28128,38501.0
28130,38502.0
28131,38503.0
28132,38504.0
28133,38505.0
28134,38506.0
28136,38507.0
28139,38508.0
28140,38509.0
28142,38510.0
28143,38511.0
28144,38512.0
28145,38513.0
28148,38514.0
28149,38515.0
28151,38516.0
28152,38517.0
28153,38518.0
28155,38519.0
28157,38520.0
28159,38521.0
28160,38522.0
28161,38523.0
28165,34894.0
28166,38524.0
28168,38525.0
28169,38526.0
28170,38527.0
28171,38528.0
28172,38529.0
28175,38530.0
28176,40864.0
28177,38531.0
28178,38532.0
28180,38533.0
28181,38534.0
28182,38535.0
28183,38536.0
28184,38537.0
28185,38538.0
28186,38539.0
28188,38540.0
28189,38541.0
28190,38542.0
28191,38543.0
28193,38544.0
28194,38545.0
28195,38546.0
28196,38547.0
28197,38548.0
28199,38549.0
28200,38550.0
28202,38551.0
28203,38552.0
28205,38553.0
28207,38554.0
28208,38555.0
28209,36334.0
28211,31138.0
28213,38556.0
28215,38557.0
28217,38558.0
28220,38559.0
28221,38560.0
28222,38561.0
28223,38562.0
28224,36335.0
28227,34895.0
28228,38563.0
28229,38564.0
28231,38565.0
28232,38566.0
28233,41623.0
28234,41624.0
28235,38567.0
28236,38568.0
28237,38569.0
28238,38570.0
28239,38571.0
28241,38572.0
28242,38200.0
28243,38573.0
28244,38574.0
28246,38575.0
28248,38576.0
28249,38577.0
28250,38578.0
28251,38579.0
28253,38580.0
28256,38581.0
28257,38582.0
28258,38583.0
28259,38584.0
28260,38585.0
28262,38586.0
28263,38587.0
28265,38588.0
28266,38589.0
28268,34896.0
28269,38590.0
28270,38591.0
28271,38592.0
28272,38593.0
28273,38594.0
28275,38595.0
28276,38596.0
28277,38597.0
28279,38598.0
28280,38599.0
28281,38600.0
28282,38601.0
28284,38602.0
28285,38603.0
28286,38604.0
28287,38605.0
28288,38606.0
28289,38607.0
28290,38608.0
28293,34897.0
28295,38609.0
28298,38610.0
28299,38611.0
28300,38612.0
28301,34898.0
28302,38613.0
28303,38614.0
28304,38615.0
28306,38616.0
28307,38617.0
28310,38618.0
28311,38619.0
28312,38620.0
28313,38621.0
28314,38622.0
28315,38623.0
28316,38624.0
28317,38625.0
28318,38626.0
28319,38627.0
28320,38628.0
28321,38629.0
28322,38630.0
28323,38631.0
28324,38632.0
28325,38633.0
28326,38634.0
28327,38635.0
28329,38636.0
28330,38637.0
28331,38638.0
28332,38639.0
28333,38640.0
28334,38641.0
28335,38642.0
28336,38643.0
28338,38644.0
28339,38645.0
28341,38646.0
28342,38647.0
28343,38648.0
28673,38649.0
28678,33586.0
28683,38650.0
28684,38651.0
28685,40865.0
28687,38652.0
28689,38653.0
28691,38654.0
28696,38655.0
28698,38656.0
28701,41625.0
28702,38657.0
28704,38658.0
28707,38659.0
28709,38660.0
28710,38661.0
28713,38662.0
28715,38663.0
28718,38664.0
28721,38665.0
28724,38666.0
28725,37870.0
28726,38667.0
28727,38668.0
28732,38669.0
28733,38670.0
28734,38671.0
28737,38672.0
28738,38673.0
28743,38674.0
28746,38675.0
28747,38676.0
28748,38677.0
28749,38678.0
28751,38679.0
28752,38680.0
28753,41670.0
28756,38681.0
28758,38682.0
28761,38683.0
28762,38684.0
29249,38685.0
29251,38686.0
29252,33587.0
29253,34899.0
29256,38687.0
29261,38688.0
29267,38689.0
29268,38690.0
29271,38691.0
29272,38692.0
29273,38693.0
29274,38694.0
29275,33588.0
29278,38695.0
29279,38696.0
29283,38697.0
29285,38698.0
29287,38699.0
29288,38700.0
29289,38701.0
29294,41626.0
29295,38702.0
29296,38703.0
29297,38704.0
29298,38705.0
29299,34900.0
29303,38706.0
29307,40866.0
29309,33589.0
29312,34901.0
29313,40309.0
29315,34902.0
29321,38707.0
29322,38708.0
29323,34903.0
29324,38709.0
29325,38710.0
30090,38711.0
30094,38712.0
30097,38713.0
30102,38714.0
30109,38715.0
30112,40310.0
30115,38716.0
30117,38717.0
30118,38718.0
30123,38719.0
30125,38720.0
30127,38721.0
30130,38722.0
30135,38723.0
30141,38724.0
30143,38725.0
30147,38376.0
30148,38726.0
30149,38727.0
30150,38728.0
30154,38729.0
30155,38730.0
30158,38731.0
30161,38732.0
30164,38733.0
30168,38734.0
30169,38735.0
30174,38736.0
30175,38737.0
30177,38738.0
30181,38739.0
30186,38740.0
30188,38741.0
30189,38742.0
30190,38743.0
30192,38744.0
30198,38745.0
30200,38746.0
30203,38747.0
30204,38748.0
30206,38749.0
30210,38750.0
34013,39819.0
34038,39820.0
34061,39821.0
34118,39822.0
34185,39823.0
34188,39824.0
34197,39825.0
34301,39826.0
34361,39827.0
34391,39828.0
34443,39829.0
34529,39830.0
34564,39831.0
34594,39832.0
34609,39833.0
34675,39834.0
34678,39835.0
35206,41627.0
35210,41628.0
35216,41629.0
35220,41630.0
35222,41631.0
35225,41632.0
35243,41633.0
35251,41634.0
35256,41635.0
35266,41636.0
35273,41637.0
35280,41638.0
35300,41639.0
35344,41640.0
35345,41641.0
35356,41642.0
35363,41643.0
35368,41644.0
35375,41645.0
35388,41646.0
35397,41647.0
35411,41648.0
35426,41649.0
35441,41650.0
35448,41651.0
35461,41652.0
35471,41653.0
35473,41654.0
35476,41655.0
35480,41656.0
35482,41657.0
35492,41658.0
35494,41659.0
35498,41660.0
35501,41661.0
35514,41662.0
35516,41663.0
35523,41664.0
3685,3354.0
3686,3356.0
3687,8850.0
3688,8852.0
3689,8854.0
3690,8607.0
3691,7060.0
3692,7062.0
3693,7064.0
3694,7066.0
3695,7068.0
3696,7070.0
3697,8609.0
3698,7072.0
3699,8856.0
370,15870.0
3700,8858.0
3701,8860.0
3702,8862.0
3720,7183.0
3721,7185.0
3723,6182.0
3724,15839.0
3725,3358.0
3726,3360.0
3727,3362.0
3728,3364.0
3729,3366.0
3730,3368.0
3731,3882.0
3732,3884.0
3832,3927.0
3833,3929.0
3834,3931.0
3835,3933.0
3837,6184.0
3838,17924.0
3839,3935.0
3840,3937.0
3841,8722.0
3842,8724.0
3843,8726.0
3844,8728.0
3845,18167.0
3846,3939.0
4198,11281.0
4199,9059.0
4200,9061.0
4201,9063.0
4202,9065.0
4203,9067.0
4204,6186.0
4205,6188.0
4206,6190.0
4207,6192.0
4208,8730.0
4209,8732.0
4210,8734.0
4211,4207.0
441,9204.0
4624,7128.0
4625,7130.0
4626,7132.0
4627,7134.0
4628,6194.0
4629,7762.0
4630,7764.0
4631,17139.0
4632,4397.0
4633,5860.0
4634,7187.0
4635,4399.0
4693,7110.0
4694,7112.0
4695,7114.0
4696,7116.0
4697,7118.0
4699,4447.0
4700,7766.0
4701,7768.0
4702,7770.0
4703,17141.0
4704,17143.0
4705,17145.0
4706,17147.0
4707,7189.0
4708,7191.0
4709,3371.0
4710,4449.0
5026,8864.0
506,3190.0
5556,6420.0
5557,7392.0
5558,7394.0
5559,7396.0
5561,7400.0
5562,7402.0
5564,7406.0
5565,7408.0
5566,7120.0
5567,7122.0
5568,7124.0
5569,6422.0
5570,6424.0
5571,9078.0
5573,10700.0
5574,17151.0
5577,6426.0
5578,6428.0
5579,6430.0
5580,6432.0
5581,6434.0
5582,6436.0
5583,6438.0
5584,5144.0
5585,5146.0
5586,5148.0
5587,5150.0
5588,5152.0
5589,5154.0
5590,5156.0
5591,5158.0
5592,5160.0
5594,5164.0
5595,5166.0
5596,5168.0
5597,5170.0
5598,5172.0
5599,5174.0
5600,5176.0
5601,5178.0
5602,5180.0
5603,4675.0
570,656.0
571,18165.0
572,6152.0
5870,20687.0
5871,17457.0
5872,17652.0
5873,6440.0
5874,9411.0
5875,20689.0
5876,8877.0
5877,8907.0
5878,7947.0
5880,20192.0
5881,18205.0
5882,6442.0
5883,7357.0
5884,25765.0
5885,17746.0
5886,7359.0
5887,6444.0
5888,6446.0
5889,6448.0
5890,6450.0
5891,6452.0
5892,6454.0
5893,6456.0
5894,6458.0
5895,6460.0
5896,6462.0
5897,6464.0
5898,6466.0
5899,5193.0
5900,5195.0
5901,18219.0
5902,18233.0
5903,18227.0
5904,18225.0
5905,18229.0
5906,18239.0
5907,18237.0
5908,18241.0
5909,18245.0
5910,18243.0
5911,18251.0
5912,18249.0
5913,18255.0
5914,18259.0
5915,18261.0
5916,18271.0
5917,18269.0
5918,18273.0
5919,18277.0
592,3482.0
5920,18275.0
5921,18283.0
5922,18279.0
5923,18285.0
5924,18287.0
5925,18289.0
5926,18293.0
5927,18291.0
5928,18299.0
5929,18301.0
5930,18308.0
5931,18311.0
5932,18315.0
5933,18317.0
5934,6468.0
5935,6470.0
5936,6472.0
5937,6474.0
5938,6476.0
5939,6478.0
5940,6480.0
602,7369.0
603,3500.0
614,3522.0
617,3528.0
6216,17400.0
6217,8909.0
6218,8911.0
6219,8913.0
6220,8915.0
6221,8917.0
6222,8919.0
6223,8921.0
6224,8923.0
6225,8925.0
6226,8927.0
6227,8929.0
6228,8931.0
6229,8933.0
6230,8935.0
6231,8937.0
6232,8939.0
6233,6377.0
6234,20661.0
6235,18180.0
6236,11166.0
6237,7074.0
6239,16434.0
6240,7963.0
6241,18182.0
6242,12255.0
6243,15160.0
6244,6482.0
6245,18184.0
6246,18186.0
6247,18188.0
6248,18196.0
637,3568.0
6447,16438.0
6448,16440.0
6449,17742.0
6451,17948.0
6452,16444.0
6453,18207.0
6454,8944.0
6455,17459.0
6456,7839.0
6457,21858.0
6458,7965.0
6459,8696.0
6460,17208.0
6461,17587.0
6462,8698.0
6464,17665.0
6465,16446.0
6466,16450.0
6467,18215.0
6468,16448.0
6469,7625.0
6470,18235.0
6471,17537.0
6472,16454.0
6473,7967.0
6475,12259.0
6476,12261.0
6477,12263.0
6479,12265.0
6480,12267.0
6481,11283.0
6483,8946.0
6484,17748.0
6485,16456.0
6486,16458.0
6487,8477.0
6489,16460.0
6490,18313.0
6491,16462.0
6492,8629.0
6493,18073.0
6494,20200.0
6495,18319.0
6496,12518.0
6497,16464.0
6498,8075.0
6499,16466.0
6617,7361.0
6618,7363.0
6620,7365.0
6621,10119.0
6622,16468.0
6623,16470.0
6624,8334.0
6625,15564.0
6626,16472.0
6627,7489.0
6628,18075.0
6629,16474.0
6630,24793.0
6631,16476.0
6632,20653.0
6633,16478.0
6634,15753.0
6635,17424.0
6636,18336.0
6637,22395.0
6638,17705.0
6639,16482.0
6640,17210.0
6641,16484.0
6642,18356.0
6643,15576.0
6644,7491.0
6645,7493.0
6646,7495.0
6647,7497.0
6648,18391.0
6649,18393.0
6652,7499.0
6653,7501.0
6654,15578.0
6655,7503.0
6656,8631.0
6657,11454.0
6658,11456.0
6660,11460.0
6661,11462.0
6662,11464.0
6665,11468.0
6666,11470.0
6667,11472.0
6668,11474.0
6669,16488.0
6670,16490.0
6671,15872.0
6672,7505.0
6673,25789.0
6674,17212.0
6675,7507.0
7029,22393.0
7031,8479.0
7032,7783.0
7033,17455.0
7034,17402.0
7035,8948.0
7037,8700.0
7039,8704.0
7040,8706.0
7041,8708.0
7042,16436.0
7043,7785.0
7044,17404.0
7045,17406.0
7046,17410.0
7047,17408.0
7048,17412.0
7049,17414.0
7050,17416.0
7051,17418.0
7052,17422.0
7053,17420.0
7054,16442.0
7058,15562.0
7059,15263.0
706,3692.0
7060,15265.0
7061,15267.0
7062,15275.0
7063,15269.0
7064,15271.0
7065,15277.0
7066,15273.0
7067,15279.0
7068,15281.0
7069,15283.0
7071,12416.0
7072,17432.0
7074,16452.0
7075,17247.0
7077,17249.0
7078,18375.0
710,3700.0
719,3716.0
722,3722.0
736,3744.0
7377,8336.0
7378,14985.0
7379,9896.0
7380,17808.0
7381,17930.0
7382,11285.0
7383,8710.0
7384,8712.0
7385,8714.0
7386,8716.0
7387,8718.0
7388,8195.0
7389,8197.0
7390,8199.0
7391,8201.0
7392,8203.0
7393,8205.0
7394,8207.0
7395,7880.0
7396,12269.0
7397,7941.0
7398,18449.0
7399,24547.0
7400,11559.0
7401,7882.0
7402,26905.0
7403,15566.0
7404,15568.0
7405,15572.0
7406,15570.0
7407,15574.0
7408,38354.0
7409,15285.0
7410,17275.0
7412,18576.0
7413,18572.0
7415,11476.0
7416,7884.0
7417,8476.0
7420,17253.0
7421,16480.0
748,3764.0
754,3774.0
758,3780.0
762,3786.0
7743,16486.0
7747,27316.0
7748,27318.0
7752,27308.0
7756,18702.0
7757,11287.0
7758,11289.0
7759,11291.0
7760,11293.0
7761,11295.0
7762,11297.0
7763,11299.0
7764,11301.0
7765,11303.0
7766,11305.0
7767,11307.0
7768,7886.0
7769,17932.0
7770,8209.0
7771,7937.0
7772,26585.0
7773,7888.0
7774,15755.0
7775,18725.0
7776,7841.0
7777,17934.0
7778,17936.0
7779,17938.0
7780,17942.0
7781,17940.0
7782,17944.0
7783,10127.0
7784,12418.0
7785,12420.0
7786,12422.0
7787,12424.0
7788,12428.0
7789,12426.0
7790,12432.0
7791,12430.0
7792,12434.0
7793,12436.0
7794,12438.0
7795,12440.0
7796,12446.0
7797,12442.0
7798,12444.0
7799,12448.0
7800,12452.0
7801,12450.0
7802,12454.0
7803,16492.0
7804,9729.0
7888,7471.0
7889,17499.0
7890,17214.0
7891,17216.0
7893,27334.0
7894,27332.0
7895,26252.0
7896,7890.0
7897,11002.0
7898,17946.0
7899,26730.0
7900,8753.0
7901,17185.0
7902,26909.0
7903,10129.0
7904,10131.0
7905,12456.0
7906,12460.0
7907,12458.0
7908,18775.0
7909,18777.0
7910,18779.0
7911,8633.0
7912,8635.0
7913,8637.0
7914,8639.0
7915,8641.0
7916,8643.0
7917,8645.0
7918,8647.0
7919,8649.0
7920,8651.0
7921,8653.0
7922,8655.0
7923,8657.0
7924,8659.0
7925,8661.0
7926,8663.0
7927,8665.0
7928,8667.0
7929,16494.0
7930,30268.0
7931,18791.0
7932,17269.0
7933,17271.0
7934,7949.0
7935,18321.0
7948,27340.0
7949,27336.0
7951,27342.0
7952,17149.0
7953,15622.0
7954,9088.0
7955,15624.0
7956,26895.0
7957,26897.0
7958,26901.0
7959,26899.0
7960,26903.0
7961,18332.0
7962,18334.0
7963,8669.0
7964,15392.0
7965,15390.0
7966,15394.0
7967,15398.0
7968,15396.0
7969,15400.0
8196,27344.0
8199,17463.0
8200,17461.0
8201,15402.0
8297,17434.0
8298,15757.0
8299,12533.0
8301,15887.0
8302,15162.0
8303,15889.0
8304,15891.0
8305,15893.0
8306,15895.0
8307,14973.0
8308,12535.0
8309,15897.0
8310,15899.0
8311,15901.0
8312,18439.0
8313,15759.0
8314,8950.0
8315,15626.0
8316,27760.0
8317,27762.0
8318,27764.0
8319,27768.0
8320,27766.0
8321,27770.0
8322,18461.0
8323,8078.0
8324,7760.0
8325,17438.0
8326,26907.0
8327,8671.0
8366,17255.0
8367,18538.0
8368,18556.0
8369,18566.0
8370,18592.0
8371,18594.0
8372,18623.0
8373,18627.0
8375,8952.0
8376,8954.0
8377,18077.0
8378,17323.0
8379,12292.0
8380,12294.0
8381,12296.0
8382,8956.0
8383,8958.0
8384,18655.0
8385,18659.0
8386,18657.0
8387,18661.0
8388,18663.0
8389,18665.0
8390,18683.0
8391,18679.0
8392,18693.0
8393,18079.0
8394,8240.0
8395,11075.0
8396,28507.0
8397,9090.0
8398,11309.0
8399,11311.0
8400,11313.0
8401,11315.0
8402,11317.0
8403,27772.0
8512,9482.0
8513,11028.0
8514,11030.0
8515,11032.0
8517,17263.0
8518,17265.0
8519,17261.0
8520,17267.0
8521,12271.0
8522,18711.0
8523,18713.0
8524,18715.0
8525,18719.0
8526,18717.0
8527,18721.0
8528,18723.0
8529,11319.0
8530,11321.0
8531,11323.0
8532,11325.0
8533,11327.0
8534,11329.0
8535,11331.0
8536,11333.0
8537,11335.0
8538,11337.0
8539,11339.0
8540,11341.0
8541,11343.0
8543,11347.0
8544,11349.0
8545,11351.0
8546,11353.0
8547,11355.0
8548,11357.0
8549,11359.0
8550,11361.0
8551,11363.0
8552,11365.0
8553,11367.0
8554,12373.0
8555,11371.0
8556,11373.0
8557,12100.0
8558,12102.0
8559,12104.0
8560,12106.0
8561,8960.0
8562,8962.0
8563,15905.0
8564,8964.0
8565,8966.0
8566,8968.0
8567,8736.0
8568,8970.0
8569,8972.0
8570,8974.0
8571,18773.0
8572,10997.0
8573,12462.0
8574,24877.0
8575,12537.0
8576,8481.0
8577,8483.0
8578,8485.0
8579,8487.0
8580,8489.0
8581,8491.0
8582,8493.0
8583,8495.0
8584,8497.0
8585,8499.0
8586,8501.0
8587,8503.0
8588,8505.0
8589,8507.0
8590,8509.0
8591,8511.0
8592,8513.0
8593,8515.0
8594,8517.0
8595,8519.0
8596,8521.0
8597,8523.0
8598,8525.0
8599,8527.0
8600,8529.0
8601,15164.0
8602,12298.0
8603,12300.0
8604,12302.0
8605,12304.0
8606,14864.0
8607,12466.0
8608,18815.0
8609,18813.0
8610,11375.0
8722,25767.0
8723,25771.0
8724,25769.0
8725,25773.0
8726,25775.0
8727,25781.0
8728,25779.0
8729,25777.0
8730,25783.0
8731,25785.0
8732,25787.0
8733,17257.0
8734,11034.0
8735,11036.0
8736,11038.0
8737,11040.0
8738,11042.0
8739,11044.0
8740,11046.0
8741,25791.0
8742,25793.0
8743,25803.0
8744,25807.0
8745,25795.0
8746,25797.0
8747,25799.0
8748,25801.0
8749,25805.0
8750,25809.0
8751,17436.0
8752,12108.0
8753,12110.0
8754,25811.0
8755,25813.0
8756,25817.0
8757,25821.0
8758,25815.0
8759,25819.0
8760,25825.0
8761,25823.0
8762,25827.0
8763,25829.0
8764,25831.0
8765,8531.0
8766,8533.0
8767,11405.0
8768,11407.0
8769,11409.0
8770,11411.0
8771,17279.0
8772,17277.0
8819,28636.0
8820,25833.0
8821,8976.0
8822,8978.0
8823,25835.0
8824,25837.0
8825,12212.0
8826,8980.0
8827,12112.0
8828,25839.0
8829,15628.0
8830,15903.0
8831,8535.0
8832,8537.0
8833,11413.0
8834,11415.0
8835,11417.0
8837,17181.0
894,3078.0
895,3798.0
8965,15761.0
8966,28784.0
8967,15874.0
8968,10141.0
8969,17281.0
8970,17153.0
8971,39752.0
8973,12336.0
8974,11763.0
8975,15620.0
8976,25841.0
8977,28626.0
8978,15630.0
8979,8555.0
898,3804.0
8980,17956.0
8981,16399.0
8984,9084.0
8985,12273.0
8986,17183.0
8987,15261.0
8988,9086.0
8989,9664.0
899,3806.0
8990,8982.0
8991,8984.0
8992,8986.0
8993,8988.0
8994,8990.0
8995,8992.0
8996,8994.0
8997,8996.0
8998,8620.0
8999,18781.0
900,3808.0
9000,18783.0
9001,18785.0
9002,18787.0
9003,18789.0
9004,18793.0
9005,18795.0
9007,18797.0
9008,18799.0
9009,18801.0
9010,18803.0
9013,18805.0
9014,18807.0
9015,18817.0
9016,18819.0
9018,17440.0
905,3818.0
907,3822.0
9094,18087.0
9095,27346.0
9097,17220.0
9098,17157.0
9099,16403.0
9100,16405.0
9101,9071.0
9102,11421.0
9103,9092.0
9104,9094.0
9105,18823.0
9106,16509.0
911,3830.0
9111,8755.0
9112,8757.0
9113,8759.0
9114,8761.0
9115,8763.0
9116,8765.0
9117,8767.0
9118,8769.0
9119,8771.0
9120,8773.0
9121,8775.0
9122,8777.0
9123,8779.0
9124,8781.0
9125,8783.0
9126,8785.0
9127,8787.0
9128,8789.0
9129,18866.0
913,10065.0
9130,18874.0
9131,18880.0
9132,18884.0
9133,18888.0
9134,18890.0
9135,18892.0
9136,18894.0
9137,18896.0
9138,18898.0
9139,18900.0
9140,18904.0
9141,18902.0
9142,18906.0
9143,18908.0
9144,18910.0
9145,18916.0
9146,18912.0
9147,18914.0
9148,18918.0
9149,18920.0
915,3081.0
9150,18925.0
9151,18927.0
9153,18935.0
9154,18945.0
9155,18939.0
9156,18937.0
9158,18941.0
9159,17750.0
9169,16407.0
9170,18095.0
9171,15616.0
9172,8557.0
9173,11423.0
9174,15841.0
9175,16411.0
9176,16409.0
9177,18957.0
9178,9096.0
9182,18967.0
9183,18969.0
9184,18977.0
9185,18979.0
9186,18981.0
9187,17973.0
9188,15909.0
920,3182.0
921,3087.0
922,2915.0
9235,15646.0
9236,8544.0
9238,10089.0
9239,11167.0
9240,16511.0
9241,20184.0
9242,27348.0
9243,18989.0
9244,9498.0
928,3836.0
929,3838.0
932,6154.0
933,7421.0
934,11452.0
935,670.0
936,3176.0
938,3844.0
947,3862.0
951,3236.0
952,3079.0
953,10053.0
954,3058.0
955,8265.0
9555,12096.0
9556,10059.0
9557,11425.0
9558,9680.0
9559,9564.0
9560,18769.0
9561,25851.0
9562,18093.0
9564,15594.0
9565,17225.0
9566,17229.0
9567,17227.0
9568,17235.0
9569,17231.0
9570,17233.0
9671,8626.0
9672,11427.0
9673,11429.0
9674,17501.0
9675,15634.0
9677,30269.0
9678,10984.0
9679,28889.0
9680,28890.0
9681,28891.0
9682,28892.0
9683,28893.0
9684,28894.0
9685,28895.0
9686,28896.0
9687,10121.0
9688,30270.0
9689,30271.0
9690,30272.0
9691,30273.0
9692,30274.0
9693,30275.0
9694,30276.0
9695,30538.0
9696,17958.0
9697,10994.0
9698,28897.0
9699,28898.0
9700,28899.0
9701,28900.0
9702,28901.0
9703,28902.0
9704,28903.0
9705,28904.0
9706,28905.0
9707,28906.0
9708,28907.0
9709,28908.0
9710,28909.0
9711,30992.0
9712,12470.0
9713,12474.0
9714,12472.0
9715,12476.0
9716,12478.0
9717,12484.0
9718,12480.0
9719,12482.0
9720,12486.0
9721,10024.0
9722,17591.0
9723,10203.0
9725,11431.0
9727,10109.0
9728,18886.0
9729,9000.0
9731,9002.0
9732,9004.0
9733,9006.0
9734,9008.0
9735,9010.0
9736,9012.0
9737,9014.0
9738,17222.0
9739,17754.0
9740,15911.0
9741,17237.0
9742,17239.0
9743,17241.0
9744,17243.0
9897,11433.0
9898,11435.0
9899,27140.0
9900,15404.0
9901,28639.0
9902,28910.0
9903,8795.0
9904,11004.0
9905,30277.0
9906,30278.0
9907,30566.0
9908,15596.0
9909,28911.0
9910,18809.0
9911,18811.0
9912,12464.0
9913,10217.0
9914,9024.0
9915,9026.0
9916,9028.0
9917,9684.0
